timestamp,tweet,username
Mon Oct 29 00:55:38 +0000 2018,"RT @kompasiana: Literally yang bener-bener hape gue ketinggalan tau gak sih lo. Which is gue mati gaya gitu, and then %#&amp;%@&amp;%# https://t.coâ€¦",jurnalispalsu
Mon Oct 29 00:55:36 +0000 2018,"RT @GiaPratamaMD: Umur itu hanya angka2,
Muda itu Gelora di Jiwa.. 

Selamat hari Sumpah Pemuda, teman2. 

Berjanjilah untuk menjaga kesehaâ€¦",D2gh_arief
Mon Oct 29 00:55:34 +0000 2018,RT @FiersaBesari: Sumpah Pemuda di atas Gunung Kerinci https://t.co/6A6vqfmRIC,astriinursetya
Mon Oct 29 00:55:28 +0000 2018,RT @andihiyat: Mengisi hari sumpah pemuda dengan ngga ngapa-ngapain,Babyhunnie19
Mon Oct 29 00:55:25 +0000 2018,RT @sandiuno: Ribuan anak muda hadir dalam Indonesia Young Entrepreneur Summit 2018 di Jakarta. Di Hari Sumpah Pemuda ini saya ingin anak-aâ€¦,UsodoWiro
Mon Oct 29 00:55:21 +0000 2018,Memperingati Sumpah Pemuda 1928: Antara Momentum Keruntuhan dan KebangkitanÂ Indonesia https://t.co/2SiuRzRx0B,birokratmenulis
Mon Oct 29 00:55:07 +0000 2018,"RT @AlbertShadrach: Kalau Timnas ingin berjaya, perbaiki sepakbola nasional kita. Jangan ada lagi anak titipan di SSB, hingga mafia yang biâ€¦",wilfifadillah
Mon Oct 29 00:55:06 +0000 2018,RT @dianhadi: di hari sumpah pemuda yg fitri ini,greentsoya
Mon Oct 29 00:55:03 +0000 2018,"RT @wikimediaid: Kekeliruan yang berulang setiap tahunnya: Sumpah Pemuda tidak pernah berkata ""bahasa satu, bahasa Indonesia."" #HariSumpahPâ€¦",haku_namanya
Mon Oct 29 00:54:59 +0000 2018,"RT @historia_id: Dalam Kongres Pemuda II, orang Tionghoa menyediakan tempat, menjadi peserta, memuat dan merekam lagu Indonesia Raya untukâ€¦",FaGtng
Mon Oct 29 00:54:56 +0000 2018,"RT @dewahoya: Gue kira TO MU UC H  TO MU UC H apaan. Ternyata ğŸ˜­ğŸ˜‚ 

Asli dah ngakak nonton ni video. Makna yang mau di sampein juga dalem baâ€¦",Fikyuuu
Mon Oct 29 00:54:54 +0000 2018,"Dia adalah Wanita terhebat Wanita yang tangguh yang aku miliki sekarang dan nanti ğŸ˜ğŸ˜˜ Love you Bundo sayang..

_28Okâ€¦ https://t.co/mIrdqApe0o",Rsnatanegoro21
Mon Oct 29 00:54:52 +0000 2018,"Sumpah Pemuda....
Selamat pagi saudara2
Selamat berjuang ikhwa fillah
Hari esok dipersiapkan untuk pemuda yg tangguh..
#tauhidsosial",Ardian_2174n
Mon Oct 29 00:54:50 +0000 2018,"RT @ririnriandini: Selamat Hari Sumpah Pemuda! ğŸ‡®ğŸ‡©

sudah nasioanlis banget kan aqu? https://t.co/DJs7MvOG8U",ekosumando
Mon Oct 29 00:54:50 +0000 2018,"90 Tahun Sumpah Pemuda: Pemudanya Ada, Sumpahnya Hilang https://t.co/LxeaqY0vE0 https://t.co/T9bcfQRCi9",BERAK_Unikom
Mon Oct 29 00:54:46 +0000 2018,"RT @mohmahfudmd: Semoga panjang umur, banyak rezeki, dan menjadi pemimpin yang shidiq, amanah, tabligh, fathanah utk Mas @ganjarpranowo yanâ€¦",hendra235
Mon Oct 29 00:54:45 +0000 2018,Hadiah sumpah pemuda kevin - marcus kalah di final france open dan aff u-19 gagal maju ke semifinalğŸ˜­ğŸ˜­ğŸ˜­ğŸ˜­ğŸ˜­ğŸ˜­,yudhi0922
Mon Oct 29 00:54:42 +0000 2018,Bupati Barru Pimpin Upacara Sumpah Pemuda - https://t.co/zgX3lcMmc6 https://t.co/3MdvZ4hVyZ,maccasiana
Mon Oct 29 00:54:41 +0000 2018,"RT @karniilyas: Demi Sumpah Pemuda, saya harap semua yg makan di restauran Jepsng, Korea atau Eropa jika memesan makanan, minta pelayan menâ€¦",TMustaf
Mon Oct 29 00:54:40 +0000 2018,"Penerimaan bonus dan piagam penghargaan atlet oleh ketua KONI Sultra Dr.H.Lukman Abunawas,https://t.co/a6bASgkiH8 dâ€¦ https://t.co/2tQhXIhFUi",Nursaputra_68
Mon Oct 29 00:54:38 +0000 2018,"Selamat Hari Sumpah Pemuda Ke-90

#HariSumpahPemuda
#bblkjakarta
#DukungGERMAS https://t.co/dXhVmibIAT",bblkjakarta1
Mon Oct 29 00:54:31 +0000 2018,RT @jokopinurbo: Selamat Hari Sumpah Pemuda https://t.co/00UcLPe2bX,Finandariski
Mon Oct 29 00:54:29 +0000 2018,"RT @Cobeh09: Rocky Gerung
Secara ""Santun"" Mengingatkan
Presiden Jokowi
Dengan Mengutip
Ucapan Bung Karno
""Beri Aku 10 Pemuda,
Niscaya
Akanâ€¦",mr_triyoga
Mon Oct 29 00:54:28 +0000 2018,RT @FiersaBesari: Sumpah Pemuda di atas Gunung Kerinci https://t.co/6A6vqfmRIC,n_shitsuke
Mon Oct 29 00:54:23 +0000 2018,RT @supmkupang: 90 Tahun Sumpah Pemuda https://t.co/cWLP5U2ecO,BPPI_Sukamandi
Mon Oct 29 00:54:22 +0000 2018,"#RT @ipphoright: Bertepatan sehari setelah Hari Sumpah Pemuda, alhamdulillah, saya tiba di Palu, Sulteng. Berusahaâ€¦ https://t.co/XTUbUjHOOO",Anggapsaputraid
Mon Oct 29 00:54:16 +0000 2018,"RT @syharilaaa: AHOK &amp; HARI SUMPAH PEMUDA .

Urusan nyanyi Ahok emang gak mahir seperti banyak pejabat lain yang bersuara emas. Tapi urusanâ€¦",EmyPalayukan
Mon Oct 29 00:54:15 +0000 2018,"RT @karniilyas: Demi Sumpah Pemuda, saya harap semua yg makan di restauran Jepsng, Korea atau Eropa jika memesan makanan, minta pelayan menâ€¦",wigRahman
Mon Oct 29 00:54:12 +0000 2018,"RT @Baroindra: Video ini bagus banget, nyindir pemuda pemudi zaman now yang lupa isi sumpah pemuda, bahkan banyak yang ngobrol sama satu baâ€¦",ariefpangestu
Mon Oct 29 00:54:04 +0000 2018,RT @ustadtengkuzul: Kami Bersumpah untuk Mempertahankan Setiap Jengkal Tanah Air Indonesia Abadi Milik NKRI. Sejengkalpun Tanah Ini Tidak Bâ€¦,kaysi_khitaro
Mon Oct 29 00:54:02 +0000 2018,"RT @kpp_pa: Pagi sahabat perempuan dan anak, ""Dengan semangat sumpah pemuda, ayo anak-anak teruslah bermimpi, ajak teman dan sekitarmu utkâ€¦",mfzhr
Mon Oct 29 00:53:59 +0000 2018,Bahagia slm hikmah sumpah pemuda https://t.co/axpMklSu34,SMAN1SUKAKARYA
Mon Oct 29 00:53:55 +0000 2018,RT @andihiyat: Mengisi hari sumpah pemuda dengan ngga ngapa-ngapain,matchaaaluvvu
Mon Oct 29 00:53:49 +0000 2018,RT @PEPESOfficial: Selamat Hari Sumpah Pemuda untuk Para Pemuda Pemudi Indonesia dari Mak Emak PEPES.. Pilih Indonesia Adil dan Makmur.. ğŸ‡®ğŸ‡©â€¦,AbdulhadiAlkat1
Mon Oct 29 00:53:49 +0000 2018,"RT @giewahyudi: Nonton video ini rasanya malu, apalagi pas Hari Sumpah Pemuda. Tepat hari ini, 90 tahun lalu, para pemuda bersatu melawan pâ€¦",amin_hahaa
Mon Oct 29 00:53:39 +0000 2018,"Upacara Sumpah Pemuda.. 

@smk2pkp_jis  @ JAKARTA ISLAMIC SCHOOL PKP",kampuspkp
Mon Oct 29 00:53:35 +0000 2018,"RT @karniilyas: Demi Sumpah Pemuda, saya harap semua yg makan di restauran Jepsng, Korea atau Eropa jika memesan makanan, minta pelayan menâ€¦",Ikhlas_Amall
Mon Oct 29 00:53:33 +0000 2018,"RT @indoprogress: #IndoPROGRESS 90 Tahun Sumpah Pemuda: Pemudanya Ada, Sumpahnya Hilang https://t.co/6FRZnDFqxf #analisis",XDedeMasX
Mon Oct 29 00:53:32 +0000 2018,"RT @mohmahfudmd: Hari ini 90 Tahun yg lalu, 28 Oktober 1928, para pemuda dari berbagai suku, agama, ras, daerah di gugusan kepulauan Nusantâ€¦",octavianerwin_
Mon Oct 29 00:53:26 +0000 2018,"RT @karniilyas: Demi Sumpah Pemuda, saya harap semua yg makan di restauran Jepsng, Korea atau Eropa jika memesan makanan, minta pelayan menâ€¦",Danton_malewa
Mon Oct 29 00:53:09 +0000 2018,"#edisilanjutan, Selamat Hari Sumpah Pemuda, â€œHidup Yang tidak Diperjuangkan, tak dapat dimenangkanâ€ https://t.co/eakgCDyP39",RBRisdianto16
Mon Oct 29 00:53:02 +0000 2018,"RT @insan_iksir: sumpah pemuda
pemuda Indonesia kala itu bersatu
bukan berdua",balqis_zhahira
Mon Oct 29 00:52:58 +0000 2018,"RT @indoprogress: 'Melihat kondisi Indonesia saat ini, saya agak meragukan konsistensi serta keberhasilan para pemuda milenial atau pemudaâ€¦",mur1997qi
Mon Oct 29 00:52:57 +0000 2018,"Apa bedanya kemarin sama hari hari aku?
Kemarin hari sumpah pemuda
Kalo hari hari aku sumpah aku sayang sama kamu",Rikaziiia
Mon Oct 29 00:52:53 +0000 2018,"RT @jas_hijau: K.H. Maimun Zubair lahir bertepatan dengan #HariSumpahPemuda, bahkan kelahirannya sama persis dengan pelaksanaan Sumpah Pemuâ€¦",GLHPRMN
Mon Oct 29 00:52:50 +0000 2018,RT @pksmalaysia1: Semangat Sumpah Pemuda #2019PilihPKS #2019PrabowoSandi #PKSbersamaTKI https://t.co/mxhTq9g0JC,GarntHuis
Mon Oct 29 00:52:42 +0000 2018,"RT @karniilyas: Demi Sumpah Pemuda, saya harap semua yg makan di restauran Jepsng, Korea atau Eropa jika memesan makanan, minta pelayan menâ€¦",alvishobri1
Mon Oct 29 00:52:29 +0000 2018,RT @jokopinurbo: Selamat Hari Sumpah Pemuda https://t.co/00UcLPe2bX,smile2facemyday
Mon Oct 29 00:52:28 +0000 2018,"RT @DParagonKost: Selamat hari sumpah pemuda ğŸ™ Buktikan kita pemuda bukan generasi sampah ğŸ™ğŸ™ğŸ˜ŠğŸ‡²ğŸ‡¨
. 
Source: google
#sumpahpemuda #generasimuâ€¦",DParagonKost
Mon Oct 29 00:52:22 +0000 2018,"RT @korantempo: Sumpah Pemuda 2018, Youtuber: Saatnya Lawan Hoaks! Ini Caranya https://t.co/HW9qzoPJCx",RMusrod
Mon Oct 29 00:52:20 +0000 2018,"RT @karniilyas: Demi Sumpah Pemuda, saya harap semua yg makan di restauran Jepsng, Korea atau Eropa jika memesan makanan, minta pelayan menâ€¦",DjamalAziz2
Mon Oct 29 00:52:13 +0000 2018,"RT @RosyDPS: Selamat Hari Sumpah Pemuda

@PEPESOfficial
@swulll @b_fjakarta
#PEPES #PEPESpilihPrabowoSandi
#2019PrabowoPresiden #NOMOR2 httâ€¦",Rsenosujana1
Mon Oct 29 00:52:10 +0000 2018,"Upacara Sumpah Pemuda... 
.  .  .  . 
.  .  .  . 
.  .  .  . 
@smkpkp1  @ JAKARTA ISLAMIC SCHOOL PKP",kampuspkp
Mon Oct 29 00:52:01 +0000 2018,"Pelaksanaan Upacara Peringatan Hari Sumpah Pemuda Ke 90 Tahun 2018 LPKA Parepare Dengan Tema ""BANGUN PEMUDA SATUKANâ€¦ https://t.co/j4EtoMkuIL",Lapas_Parepare
Mon Oct 29 00:51:59 +0000 2018,"RT @Sutopo_PN: Seberapa besar greget kita memaknai Sumpah Pemuda jaman kini? Tentu, kita ingin pemuda Indonesia yang selalu semangat, tidakâ€¦",SiraitRapika
Mon Oct 29 00:51:59 +0000 2018,RT @Santrijagad: Tahukah kamu? Hari Sumpah Pemuda 28 Oktober juga merupakan momen kelahiran Syaikhuna KH. Maimoen Zubair. Ini dia beberapaâ€¦,natadiningrat99
Mon Oct 29 00:51:54 +0000 2018,"Hari ini 28/10/2018 bertepatan dengan Hari Sumpah Pemuda yang ke-90, Karang Taruna Kecamatan se-kabupaten Karangaseâ€¦ https://t.co/t26HiV9sSq",SuluhBaliCo
Mon Oct 29 00:51:52 +0000 2018,RT @jokopinurbo: Selamat Hari Sumpah Pemuda https://t.co/00UcLPe2bX,Thy_rajmi
Mon Oct 29 00:51:46 +0000 2018,"Upacara Hari Sumpah Pemuda yg ke 90...ğŸ‡®ğŸ‡©
.
.
diary_kemenkumham 
@kumham_sulsel 
@Kemenkumham_RI 
@DITJEN_PAS
bpsdm_â€¦ https://t.co/yY9vTcKfCt",Bapaskelas2pal1
Mon Oct 29 00:51:44 +0000 2018,Bupati Barru Pimpin Upacara Sumpah Pemuda - https://t.co/zgX3lcMmc6 https://t.co/GWdCplIoeD,maccasiana
Mon Oct 29 00:51:43 +0000 2018,"RT @dewahoya: Gue kira TO MU UC H  TO MU UC H apaan. Ternyata ğŸ˜­ğŸ˜‚ 

Asli dah ngakak nonton ni video. Makna yang mau di sampein juga dalem baâ€¦",shofianafz
Mon Oct 29 00:51:41 +0000 2018,"RT @aratiararismala: APAAN WOOYY TOO MU-UCH. kesel banget aku dengernya ğŸ˜‚ğŸ˜‚ğŸ˜‚

videonya bikin ngakak. belajar bahasa inggris boleh, lupa bahaâ€¦",BalwelIkhbal
Mon Oct 29 00:51:38 +0000 2018,"Sejatinya sumpah pemuda adalah semangat persatuan yang sangat penting untuk menanggulangi perpecahan.

Kita Indonesâ€¦ https://t.co/RbMAQJcisv",bkpm
Mon Oct 29 00:51:35 +0000 2018,"Gelorakan semangat Sumpah Pemuda, 2.018 meriam bambu diletupkan di Kabupaten Sambas.

https://t.co/KFJG6f8eBC https://t.co/xivOqg6Gc7",MURI_org
Mon Oct 29 00:51:31 +0000 2018,RT @jokopinurbo: Selamat Hari Sumpah Pemuda https://t.co/00UcLPe2bX,aprielia_s
Mon Oct 29 00:51:29 +0000 2018,"RT @Baroindra: Video ini bagus banget, nyindir pemuda pemudi zaman now yang lupa isi sumpah pemuda, bahkan banyak yang ngobrol sama satu baâ€¦",Hannafijulian
Mon Oct 29 00:51:29 +0000 2018,"RT @newsplatter: 90 tahun Sumpah Pemuda! 90 tahun lalu pemuda beda suku dan agama ngumpul bareng dan mikir, ""Kalo kita masih mentingin perbâ€¦",BaeAnam6
Mon Oct 29 00:51:28 +0000 2018,"Sumpah pemuda?

Saya tidak ikutan upacara, tidak jg ikutan perayaan acara-acara belaka.
Sebagai pemuda, saya hidupâ€¦ https://t.co/9f1YJBW89N",syskalaveggie
Mon Oct 29 00:51:28 +0000 2018,"RT @indokatolik100: Sumpah Pemuda 1928, 90 tahun lalu mereka bersatu dan kini kita jaga bersama. https://t.co/asWuEOlNSy",rhyo_karv
Mon Oct 29 00:51:25 +0000 2018,"RT @Partai_Gerindra: 28 Oktober, Memperingati Hari Sumpah Pemuda.

Selamat pagi para pemuda dan pemudi Partai Gerakan Indonesia Raya (Geâ€¦ hâ€¦",antokarema
Mon Oct 29 00:51:20 +0000 2018,RT @thepopoh: ijinkan ogut ngerayain sumpah pemuda dengan kegaringan yang hak kyu kyu.. beberapa taun silam.. sebelum bapak2 polityak tae kâ€¦,weni_kusuma
Mon Oct 29 00:51:19 +0000 2018,"Moment Sumpah Pemuda, Yudi Krismen: Pemuda perlu karakter kuat https://t.co/8f8oqDpvq2 https://t.co/xB7xzrBS1v",ranah_riau
Mon Oct 29 00:51:19 +0000 2018,"Pemuda itu kita.
Kita semua yang hobi foto selfie tapi suka juga upload foto prestasi.

Diperingatan sumpah pemudaâ€¦ https://t.co/3rkWTNqkwk",IgaruddinOmbe
Mon Oct 29 00:51:18 +0000 2018,"RT @bawaslu_blora: #SahabatBawaslu
Selamat Hari Sumpah Pemuda..

Dengan semangat muda kita awasi bersama Pemilu 2019 agar berjalan damai, bâ€¦",antojavas16
Mon Oct 29 00:51:16 +0000 2018,RT @jokopinurbo: Selamat Hari Sumpah Pemuda https://t.co/00UcLPe2bX,viaRahmaa1
Mon Oct 29 00:51:07 +0000 2018,"Peringati Sumpah Pemuda, Rajab Minta Anak Muda Bekali Diri Ilmu Agama https://t.co/F8rzfXYmZF https://t.co/yxnok0ZyFi",Mr_Didie01
Mon Oct 29 00:51:06 +0000 2018,"Peringati Sumpah Pemuda, Rajab Minta Anak Muda Bekali Diri Ilmu Agama https://t.co/ix5E7bLVpJ https://t.co/sKeiwz6KFR",rudiantolallo
Mon Oct 29 00:51:05 +0000 2018,"RT @BKIPMPadang: BKIPM Padang mengucapkan Selamat Hari Sumpah Pemuda 28 Oktober 2018.
Semoga semangat sumpah pemuda akan selalu ada dalam jâ€¦",Mardika_ip
Mon Oct 29 00:51:03 +0000 2018,"RT @jas_hijau: K.H. Maimun Zubair lahir bertepatan dengan #HariSumpahPemuda, bahkan kelahirannya sama persis dengan pelaksanaan Sumpah Pemuâ€¦",GiSugi78
Mon Oct 29 00:51:03 +0000 2018,RT @historia_id: Masyarakat Arab menganggap tanah airnya Hadramaut (Yaman). Persatuan Arab peranakan mendorong mereka untuk bertanah air Inâ€¦,OnikGuevara
Mon Oct 29 00:50:54 +0000 2018,"Assalamualikum
Bismillah
Memperingati Hari Sumpah Pemuda
Rumah Mewah
Cicilan 2,8 Juta'an
Tanpa DPâ€¦ https://t.co/pRsHxZ1ff5",bukitmekarwangi
Mon Oct 29 00:50:51 +0000 2018,"@rlthingy Di lapangan, upacara sumpah pemuda hmm",olifitriani
Mon Oct 29 00:50:48 +0000 2018,"Good morningğŸŒ¤ï¸

Aktifitas Senin pagi ya seperti biasa. Upacara bendera memperingati Hari Sumpah PemudağŸ‡®ğŸ‡©",ritaastati
Mon Oct 29 00:50:39 +0000 2018,"RT @sandiuno: 90 tahun yang lalu, para pendiri bangsa merumuskan cita-cita besar yang kita kenal sebagai sumpah pemuda. Tanah air, bangsa,â€¦",Sopian36029156
Mon Oct 29 00:50:33 +0000 2018,"RT @sandiuno: 90 tahun yang lalu, para pendiri bangsa merumuskan cita-cita besar yang kita kenal sebagai sumpah pemuda. Tanah air, bangsa,â€¦",agung_darmad1
Mon Oct 29 00:50:32 +0000 2018,PPWI Riau Bersama Zayu Lovers Club Siap Meriahkan Peringatan 90 Tahun Sumpah Pemuda https://t.co/zkZN9CLmN7 https://t.co/dau4UHKJpf,ranah_riau
Mon Oct 29 00:50:30 +0000 2018,"RT @Baroindra: Video ini bagus banget, nyindir pemuda pemudi zaman now yang lupa isi sumpah pemuda, bahkan banyak yang ngobrol sama satu baâ€¦",Akhizaman3
Mon Oct 29 00:50:30 +0000 2018,Pengibaran Bendera Merah Putih dalam Upacara peringatan Hari Sumpah Pemuda 2018 dipimpin Inspektur Upacara Walikotaâ€¦ https://t.co/FIMhJBtfqf,newsrribogor
Mon Oct 29 00:50:30 +0000 2018,"RT @newsplatter: 90 tahun Sumpah Pemuda! 90 tahun lalu pemuda beda suku dan agama ngumpul bareng dan mikir, ""Kalo kita masih mentingin perbâ€¦",btungka1997
Mon Oct 29 00:50:25 +0000 2018,#RT @GenerasiMilenia: RT @AkuSukaSambal: 10  Anak  Muda  Berprestasi  Raih  Penghargaan  di  Hari  Sumpah  Pemuda https://t.co/BpFUOeEjqi,infoinfokeren
Mon Oct 29 00:50:22 +0000 2018,"RT @MyXL_Jabar: Peringatan Hari ""Sumpah Pemuda"" jatuh pada tanggal?

Yuk pilih jawaban yang tepat  dengan sertakan hashtag #XLTebakHari. Jaâ€¦",sudisudi_
Mon Oct 29 00:50:20 +0000 2018,"RT @UNJ_Official: Halo pemuda pemudi UNJ! Di hari Sumpah Pemuda ini, berita membanggakan datang dari pemuda pemudi UNJ yg berhasil mempertaâ€¦",alvianoszta
Mon Oct 29 00:50:17 +0000 2018,"RT @Moohd_Ilham: Hari ini adalah sumpah pemuda untuk diriku yg sesosok pemuda sampah :""",megaldh
Mon Oct 29 00:50:17 +0000 2018,"RT @karniilyas: Demi Sumpah Pemuda, saya harap semua yg makan di restauran Jepsng, Korea atau Eropa jika memesan makanan, minta pelayan menâ€¦",syxjm
Mon Oct 29 00:50:14 +0000 2018,"RT @karniilyas: Demi Sumpah Pemuda, saya harap semua yg makan di restauran Jepsng, Korea atau Eropa jika memesan makanan, minta pelayan menâ€¦",WiendahWardanie
Mon Oct 29 00:50:12 +0000 2018,RT @jokopinurbo: Selamat Hari Sumpah Pemuda https://t.co/00UcLPe2bX,vansx__
Mon Oct 29 00:50:07 +0000 2018,"RT @ariel_heryanto: Sejak kapan bangsa Indonesia itu ada? 

Ketika pertanyaan itu saya ajukan di ruang kuliah di tanahair, jawaban orang Inâ€¦",irfanofa
Mon Oct 29 00:50:07 +0000 2018,"Dalam rangka memperingati Hari Sumpah Pemuda, LPI Asy-Syarif Mojokerto mempunyai semangat tinggi dalam dunia pendidâ€¦ https://t.co/rLEGspjMRI",lpiasysyarif
Mon Oct 29 00:50:05 +0000 2018,"RT @fauzi49161634: bersama temen2 @Informasi_FPI daerah sepatan kab tangerang,dan temen2 @Mjl_Rasulullah  tangerang. apel sumpah pemuda.ygâ€¦",dirutGaliKubur
Mon Oct 29 00:50:01 +0000 2018,"RT @dewahoya: Gue kira TO MU UC H  TO MU UC H apaan. Ternyata ğŸ˜­ğŸ˜‚ 

Asli dah ngakak nonton ni video. Makna yang mau di sampein juga dalem baâ€¦",ArneliaBrigitta
